"","State","ST","County","Republicans.2016","Democrats.2016","Green.2016","Libertarians.2016","Less.Than.High.School.Diploma","At.Least.High.School.Diploma","At.Least.Bachelors.s.Degree","Graduate.Degree","School.Enrollment","Median.Earnings.2010","Children.Under.6.Living.in.Poverty","Adults.65.and.Older.Living.in.Poverty","Total.Population","Preschool.Enrollment.Ratio.enrolled.ages.3.and.4","Poverty.Rate.below.federal.poverty.threshold","Child.Poverty.living.in.families.below.the.poverty.line","White","Black","Hispanic","Asian","Amerindian","Other","Median.Age","Poor.physical.health.days","Poor.mental.health.days","Low.birthweight","Teen.births","Children.in.single.parent.households","Adult.smoking","Adult.obesity","Diabetes","Sexually.transmitted.infections","HIV.prevalence.rate","Uninsured","Unemployment","Violent.crime","Homicide.rate","Injury.deaths","Infant.mortality","incomequartile","orig.id","whichway"
"1181","Iowa","IA","Lyon County, Iowa",81.88131313,14.47285354,0.284090909,2.162247475,14.1,85.9,15.9,3.7,74.7,26966.61302,6.4,9.05,11427,29.1,5.75,5.75,97.65,0.15,1.45,0.3,0.1,0.4,38.7,1.8,1,0.06,14.6,0.154,0.169,0.3,0.086,77.1,NA,0.119,0.027,193.65,NA,67.4,NA,"Q3","1181","Republican"
"365","Missouri","MO","Howard County, Missouri",67.55308184,26.36569779,0.845186559,4.308390023,14.4,85.6,21.6,7.5,78.45,22073.97238,27.6,12.35,10001,33.5,15.5,21.3,90.75,5.5,1.2,0.45,0.3,1.7,39,3.2,2.7,0.08,21.8,0.283,0.36,0.316,0.107,264.6,81.8,0.162,0.061,128.77,NA,67.2,NA,"Q2","365","Republican"
"943","Missouri","MO","Macon County, Missouri",76.44808022,20.02902758,0.752078111,2.309011743,17.9,82.1,15,4.4,73.7,22778.36064,22.2,14.05,15511,38.4,15.7,21.1,94.7,2.3,1.1,0.25,0.25,1.4,42,3.1,4.3,0.07,45.1,0.25,0.183,0.309,0.109,224.5,38.8,0.178,0.064,190.18,NA,104.3,NA,"Q2","943","Republican"
"291","South Carolina","SC","Pickens County, South Carolina",73.85975323,21.13114117,0.667062266,2.432935688,18.6,81.4,23.5,9.8,83.35,21453.90953,21.75,8.2,117658,55.9,16.55,17.65,87.5,6.55,3,1.5,0.2,1.25,34.5,3.7,3.8,0.09,30.9,0.265,0.204,0.285,0.097,321.1,88.8,0.204,0.082,339.87,4.28,78.6,6.1,"Q1","291","Republican"
"1410","North Carolina","NC","Cabarrus County, North Carolina",58.48662667,38.51343927,NA,2.999934067,15,85,23.5,7.1,77.4,31233.13969,18.9,8.75,169742,52.8,11.1,15.45,72.9,14.5,8.9,1.65,0.25,1.75,36.3,3.2,3.2,0.09,42.4,0.257,0.193,0.309,0.099,396.8,159.5,0.177,0.088,149.66,5.23,69.6,6.4,"Q4","1410","Republican"
"986","Maine","ME","Piscataquis County, Maine",59.08792651,33.88013998,1.957567804,5.074365704,11.7,88.3,15,4.6,72.6,23049.20127,38.5,12.9,17307,53.9,16.35,25.4,96.65,0.15,0.85,0.5,0.55,1.25,47,4.1,3.9,0.07,28.7,0.303,0.217,0.325,0.121,137.8,NA,0.152,0.101,171.27,NA,85.5,NA,"Q2","986","Republican"
"2246","West Virginia","WV","Ohio County, West Virginia",62.16398227,30.59655424,2.143779112,4.141646557,10.9,89.1,25.9,10.3,78.5,23145.11746,32.35,9.35,44404,42.7,15.7,24.5,92.9,3.6,0.75,0.85,0.1,1.75,43,3.4,3.4,0.09,35.7,0.32,0.255,0.273,0.121,210.2,122,0.153,0.069,524.18,NA,57,8.4,"Q2","2246","Republican"
"442","Tennessee","TN","Loudon County, Tennessee",75.47202197,21.09509097,0.373326468,2.458805355,15.7,84.3,22.6,7.2,69.75,25760.62953,28,7.15,46866,22.3,13.45,23.4,91.55,1,5.65,0.4,0.2,1.25,45.1,3.7,3,0.08,53.4,0.253,0.236,0.295,0.138,195,63.8,0.169,0.067,349.6,NA,74.8,7,"Q3","442","Republican"
"472","Illinois","IL","Greene County, Illinois",74.68422952,21.68892097,0.70371707,2.923132443,14.8,85.2,13.5,4.8,78.75,25710.15556,18.45,10.2,13825,64.9,14.85,21.5,97.45,0.65,0.7,0.1,0.15,0.9,41.4,NA,NA,0.09,44.1,0.284,0.457,0.304,0.103,268.2,50.6,0.133,0.088,204.62,NA,75.8,NA,"Q3","472","Republican"
"1747","Arkansas","AR","Prairie County, Arkansas",72.76162791,23.60465116,0.290697674,1.627906977,22,78,11.5,3.4,65.7,23194.91048,30.1,15.7,8745,64.7,16.9,21.2,84.4,13.85,0.6,0.1,0.55,0.55,43.5,4.6,3.1,0.09,47.9,0.28,0.268,0.328,0.124,255.3,62.4,0.218,0.073,99.65,NA,70.1,NA,"Q2","1747","Republican"
"666","Arkansas","AR","Saline County, Arkansas",68.1882156,25.19494846,1.570999277,2.784434554,12.4,87.6,22.6,7,77,28959.83143,16.1,4.9,101059,48.4,10.15,13.9,90,4.35,3.1,0.9,0.45,1.25,38.6,4,4.2,0.08,38.3,0.287,0.23,0.315,0.114,189,46.2,0.161,0.06,245.53,4.31,61.7,7.4,"Q4","666","Republican"
"77","Nebraska","NE","Valley County, Nebraska",81.49171271,15.51565378,0.552486188,2.44014733,8.8,91.2,17.1,3.9,76.5,22200.84572,22.15,14.55,4240,33,15.95,20.7,97.45,0.05,1.95,0.15,0.05,0.35,47,2.5,2.2,0.06,19.4,0.182,0.088,0.298,0.116,189.7,NA,0.149,0.029,NA,NA,98.1,NA,"Q2","77","Republican"
"1724","Virginia","VA","Clarke County, Virginia",57.27462797,37.47386545,0.676423564,3.209937277,12.5,87.5,29.2,11.9,76.75,37086.5727,14.05,6.3,14196,51.9,6.5,7.65,88.25,5.65,3.5,0.75,0.25,1.6,43.8,2.6,3.4,0.08,22.6,0.2,NA,0.298,0.109,182.4,123.2,0.123,0.051,121.05,NA,65.7,NA,"Q4","1724","Republican"
"835","Washington","WA","Pacific County, Washington",50.04218618,43.09552826,1.856191994,4.077997563,13.9,86.1,16.8,6,72.35,23403.81715,31.3,9.7,21130,58.3,16.65,20.7,85.2,0.3,7.45,2,2.05,2.95,49.8,4.3,4.5,0.06,36.8,0.334,0.21,0.35,0.129,81.2,102.4,0.217,0.113,180.81,NA,101,NA,"Q2","835","Republican"
"1636","Michigan","MI","Otsego County, Michigan",65.97493814,28.3821534,1.300981722,3.847074787,10.8,89.2,19.4,6.4,73.95,22541.8308,23.35,7.35,24048,34.7,12.9,17.25,96,0.15,1.1,0.4,0.35,1.95,42.1,4.1,4.1,0.07,31,0.241,0.241,0.317,0.114,103.8,52.8,0.14,0.109,174.84,NA,78.5,NA,"Q2","1636","Republican"
"923","Arkansas","AR","Sevier County, Arkansas",71.79431072,23.52297593,0.437636761,1.81619256,31.2,68.8,9.3,2.6,69.1,19445.43619,36,13,16787,40.1,21.25,29.9,61.8,3.9,30.05,0.6,1.85,1.85,34.2,4.2,3.7,0.07,79.7,0.344,0.224,0.379,0.138,537.8,NA,0.31,0.078,217.99,9.53,83,10.3,"Q1","923","Republican"
"1146","Tennessee","TN","Marshall County, Tennessee",71.6277846,24.97807402,0.517453078,2.236449746,21,79,11.5,3,73.3,24770.88127,28.35,12.15,29957,29.4,17.25,27.1,86.55,6.9,4.6,0.35,0.2,1.4,38.7,5.9,3,0.09,53.7,0.307,0.247,0.299,0.111,278.5,90.6,0.189,0.112,299.99,NA,84.3,10.4,"Q2","1146","Republican"
"490","Kansas","KS","Sherman County, Kansas",80.52818289,13.4016555,1.773748522,4.296413086,9.9,90.1,19.1,5.2,82.75,22872.95651,10,10.8,5962,34.7,15.8,24.6,84.85,0.45,10,2.05,0.55,2.15,41.9,3,1.9,0.11,49.5,0.332,0.163,0.324,0.119,115.6,NA,0.178,0.031,201.92,NA,66.6,NA,"Q2","490","Republican"
"639","Idaho","ID","Boise County, Idaho",70.12067156,20.38300105,0.9181532,4.538300105,12.8,87.2,23.9,8.1,78.05,29129.06222,10.9,9.85,7247,42.4,14.5,21.85,92.75,0.1,3.9,0.5,0.5,2.15,46.3,4.4,4.5,0.09,19.6,0.212,0.206,0.258,0.101,185.1,NA,0.193,0.086,98.79,NA,84.3,NA,"Q4","639","Republican"
"932","Ohio","OH","Delaware County, Ohio",55.60384012,39.5440605,0.61737645,3.915045804,4.4,95.6,49.5,17,84.1,43484.0254,5.25,5.45,167041,56.3,4.55,4.9,88.6,3.5,1.95,3.85,0.1,1.9,36.5,2.3,2.5,0.07,14.3,0.167,0.123,0.255,0.087,158.1,66.3,0.075,0.05,97.86,1.07,33.3,4.1,"Q4","932","Republican"
"1709","Virginia","VA","Craig County, Virginia",76.83189655,19.43247126,0.718390805,1.939655172,16.6,83.4,13.6,5.2,74.6,27748.2273,3.35,10.95,5122,50,8.35,9.55,98.3,0.05,0.6,0.1,0.05,0.85,43.2,4.6,NA,0.07,31.4,0.218,NA,0.3,0.101,98.1,NA,0.156,0.068,57.89,NA,85.1,NA,"Q3","1709","Republican"
"163","Iowa","IA","Cass County, Iowa",67.3990078,27.58327427,0.737065911,2.919914954,8.9,91.1,14.5,3.5,72.05,23159.97175,26.6,8,13905,64.2,14.55,22.85,97.05,0.3,1.6,0.15,0.15,0.65,44.6,1.5,3,0.07,38.3,0.275,0.154,0.354,0.086,289.5,NA,0.113,0.053,139.04,NA,84.5,NA,"Q2","163","Republican"
"1638","West Virginia","WV","Clay County, West Virginia",77.38336714,19.13455037,0.811359026,2.028397566,27,73,8.3,4.2,75.55,25630.08064,39.1,17.6,9723,56.1,24.45,29.9,98.05,0.3,0.2,0.05,0.1,1.35,41.3,5.6,4.1,0.09,67,0.199,0.222,0.383,0.146,85.5,NA,0.191,0.123,NA,NA,100.2,NA,"Q3","1638","Republican"
"475","Texas","TX","Stephens County, Texas",87.83666377,10.07819288,0.20272227,1.882421083,17.8,82.2,12.2,3.4,66.2,20418.99556,29.1,9.45,9552,47.9,20.35,34,76.15,2.6,19.55,0.7,0.65,0.3,39.8,NA,NA,0.07,73.1,0.306,NA,0.293,0.108,136.2,161.8,0.291,0.057,117.03,NA,89.9,NA,"Q1","475","Republican"
"2454","Indiana","IN","Randolph County, Indiana",71.87260903,23.39326702,NA,4.734123948,15.3,84.7,10.4,4.4,76.9,24557.40699,23.85,9,26042,22.2,12.75,18.7,95.55,0.3,2.5,0.15,0.2,1.3,40.2,5,3.6,0.09,45.8,0.35,0.235,0.348,0.13,390.7,49.3,0.176,0.097,45.57,NA,56.3,NA,"Q2","2454","Republican"
"2122","Kentucky","KY","Adair County, Kentucky",80.63418783,16.07338112,0.425221723,1.713036083,31.3,68.7,14.4,7.8,76.45,19131.21746,21.3,29.2,18264,33.3,21.25,23.6,94.25,3.2,1,0.35,0.15,1,38.5,5.7,5,0.09,41.5,0.269,0.34,0.339,0.125,230.1,NA,0.213,0.077,52.44,NA,77.6,NA,"Q1","2122","Republican"
"1798","North Carolina","NC","Lee County, North Carolina",55.2155941,42.06516453,NA,2.719241368,19.3,80.7,18,5.2,74.6,25210.32857,22.85,10.2,57892,45.7,14.9,21.9,60.95,19.4,17,0.85,0.4,1.35,37.6,3.4,4,0.1,69.7,0.385,0.2,0.292,0.11,478.3,304.5,0.22,0.118,216.38,11.89,77.4,7.3,"Q3","1798","Republican"
"172","Pennsylvania","PA","Clarion County, Pennsylvania",71.76362908,24.34643327,0.652136605,2.665751387,12.8,87.2,17.2,6.3,75.05,22044.34699,22.8,9,39922,29.8,15,19.8,97,1.1,0.55,0.45,0.05,0.8,39.2,3,2.7,0.08,19,0.307,0.177,0.317,0.113,154.9,48.8,0.135,0.09,158.47,NA,65.5,NA,"Q2","172","Republican"
"445","Kentucky","KY","Bullitt County, Kentucky",72.69651079,22.89621124,0.70172519,2.673767127,16.8,83.2,11.1,3.9,77.6,30246.45619,16.4,8.6,73923,49,9.5,11.65,96.2,0.7,1.25,0.45,0.3,1.1,37.4,6.2,4.9,0.09,32.4,0.322,0.277,0.342,0.124,222.3,85.9,0.142,0.085,120.13,2.61,54.6,6.3,"Q4","445","Republican"
"687","Kansas","KS","Wichita County, Kansas",81.90578158,14.88222698,1.284796574,1.927194861,19.3,80.7,15.9,1.8,78.45,23471.27619,16.45,3,2205,5.3,11,20,72.4,0.35,25.85,0.05,0.1,1.2,40,5.4,NA,NA,62.9,0.341,0.144,0.337,0.11,NA,NA,0.221,0.054,288.1,NA,NA,NA,"Q2","687","Republican"
"1815","Texas","TX","Camp County, Texas",70.47556143,27.74108322,0.330250991,1.453104359,25.3,74.7,14.9,5.1,74.8,21713.43365,41,10.25,12445,19.4,21.55,34.1,59.65,16.95,21.25,0.5,0.25,1.4,38.1,NA,NA,0.07,79.8,0.372,NA,0.317,0.127,370.8,122.4,0.29,0.077,248.23,NA,94.4,NA,"Q1","1815","Republican"
"1355","South Dakota","SD","Lyman County, South Dakota",68.75439831,25.96762843,NA,3.9408867,14.5,85.5,19.8,5.6,66.8,18586.54667,38.6,4.7,3805,36.4,18.75,26.1,59.05,0.1,0.55,0.15,38.6,1.55,34.9,2.7,2,0.05,75.3,0.537,0.206,0.355,0.109,683.1,NA,0.218,0.058,NA,NA,107.1,NA,"Q1","1355","Republican"
"75","Montana","MT","Daniels County, Montana",76.57563025,17.54201681,0.630252101,5.25210084,5.4,94.6,19.7,5.5,84.55,21280.87778,17.15,7.55,1617,0,14.9,25.45,94.25,0.1,0.9,0.1,3.9,0.8,49.2,1.1,NA,NA,NA,0.241,0.142,0.244,0.091,NA,NA,0.21,0.04,195.16,NA,NA,NA,"Q1","75","Republican"
"1340","New York","NY","Niagara County, New York",57.23604651,38.24186047,1.422093023,3.1,11.6,88.4,19.6,8.4,77.7,27867.64698,23.4,7.9,215541,42.1,12.55,18.05,87.9,6.55,1.95,0.85,0.9,1.85,41.2,4.2,4.2,0.08,26.9,0.348,0.23,0.295,0.104,416.6,95,0.108,0.09,383.79,3.3,51.6,7.2,"Q3","1340","Republican"
"488","Oklahoma","OK","Washington County, Oklahoma",71.19056196,22.72604467,NA,6.083393372,11.9,88.1,26.1,7,74.55,25619.60413,27.1,5.65,50384,50.3,13.65,22.2,76.5,2.35,4.85,1.1,8.35,6.8,41.2,3.6,3.3,0.08,49.3,0.345,0.226,0.308,0.118,128.2,41.5,0.19,0.041,288.74,NA,79.1,8.6,"Q3","488","Republican"
"2304","North Carolina","NC","Cherokee County, North Carolina",77.27994228,20.26695527,NA,2.453102453,18.5,81.5,15.9,6.4,77.45,23268.26603,23.9,14.55,26823,38.4,13.9,15.3,92.8,0.85,2,0.4,1.65,2.3,47.4,4.4,3.1,0.1,45.7,0.257,0.251,0.275,0.136,125,60.1,0.216,0.128,206.74,5.31,94.4,12,"Q2","2304","Republican"
"1182","North Carolina","NC","Robeson County, North Carolina",51.43711664,46.57829371,NA,1.984589649,31.3,68.7,12.1,4.1,73.05,21055.45048,50.4,22.05,130927,39.7,30.15,44.3,28,23.95,8.1,0.65,37,2.3,34.1,4.8,3.7,0.11,74.6,0.563,0.256,0.407,0.155,853.8,354.1,0.264,0.13,866.55,23.24,100.7,12.8,"Q1","1182","Republican"
"2169","West Virginia","WV","Preston County, West Virginia",75.33898977,19.52263897,1.030846087,3.385932916,17.5,82.5,11.6,3.6,68.15,24650.81238,17.05,10.6,31849,23.8,14.45,18.85,96.05,1.95,0.85,0.1,0.15,0.9,41.3,4.1,3.9,0.09,43.4,0.253,0.268,0.355,0.107,121.6,37.8,0.202,0.064,267.31,4.84,81.3,NA,"Q2","2169","Republican"
"1809","Alabama","AL","Colbert County, Alabama",67.88759847,29.62722326,0.430439373,2.054738894,19.9,80.1,16.4,5.9,74.75,25896.27111,28.7,9.2,54487,30.9,14.85,21.65,80,16,1.8,0.4,0.5,1.35,41.6,4.4,4.8,0.1,53.2,0.331,0.296,0.322,0.137,598,111.1,0.15,0.076,364.67,6.04,77.1,8.5,"Q3","1809","Republican"
"1842","Georgia","GA","Gordon County, Georgia",80.48275862,16.84880637,NA,2.668435013,26.7,73.3,12.7,4.4,71.55,25826.81937,23.85,18.3,53473,29.1,16.5,21.75,80.45,3.55,13.75,0.9,0.25,1.05,35.3,4.3,4.4,0.07,66.3,0.263,0.236,0.285,0.103,149.2,66.2,0.254,0.1,331.31,4.59,67.3,8.4,"Q3","1842","Republican"
"2275","Oklahoma","OK","Canadian County, Oklahoma",72.34208145,21.11493213,NA,6.542986425,9.2,90.8,25.3,7.1,77.7,31492.42635,11.75,6.75,109564,40,7.85,11.05,81.15,2.45,6.15,2.7,3.85,3.7,35.7,3.9,3.8,0.08,34.4,0.248,0.209,0.311,0.106,195,121.9,0.157,0.042,489.36,3.63,60.7,6.7,"Q4","2275","Republican"
"300","Nebraska","NE","Grant County, Nebraska",93.14720812,5.076142132,0.253807107,1.52284264,4.9,95.1,17.3,3.8,68.2,19819.76191,33.65,4.3,611,37.5,18,29.45,98.35,0,0.7,0.1,0.1,0.75,46.6,NA,2.1,NA,NA,0.303,NA,0.284,0.087,NA,NA,0.165,0.037,NA,NA,NA,NA,"Q1","300","Republican"
"2401","Oklahoma","OK","Kay County, Oklahoma",72.45013397,22.23280738,NA,5.317058648,14.4,85.6,19.9,6.2,75.4,22271.72191,39.25,9.4,46260,39.6,18.15,28.15,78.55,1.9,6.25,0.65,8.75,3.95,39.5,4.6,5,0.08,71.3,0.352,0.204,0.356,0.14,331.5,84.1,0.235,0.063,413.56,4.6,98.5,8.2,"Q2","2401","Republican"
"2057","Missouri","MO","Oregon County, Missouri",78.64493997,18.54631218,0.300171527,1.886792453,23.2,76.8,10.2,3.1,76.25,18645.17016,26.55,22.5,10601,48.7,24.95,31.95,94.25,0.2,0.95,0.4,2.4,1.75,45,NA,2.9,0.09,51.1,0.292,0.228,0.323,0.133,190.6,54,0.221,0.069,180.92,NA,78.3,NA,"Q1","2057","Republican"
"2475","Wisconsin","WI","Monroe County, Wisconsin",58.51488187,36.03866217,1.171115884,3.584944257,12.3,87.7,16.4,4.7,69.55,27965.3908,22.4,8.35,43844,32.6,13.3,20.9,93.1,0.9,3.35,0.65,1.05,0.95,38.3,3.1,3.3,0.06,34.8,0.26,0.226,0.289,0.086,321.9,32.8,0.114,0.067,127.84,NA,64,7.6,"Q3","2475","Republican"
"1049","Missouri","MO","Carroll County, Missouri",79.79821142,17.08323779,0.389818849,2.430635175,15.9,84.1,17.9,6.1,73.05,27171.93207,16.35,11.85,9555,47.6,13.95,19.4,95.6,1.9,1.2,0.25,0.2,0.85,42,3.2,2.7,0.08,36.8,0.243,0.209,0.316,0.108,172.8,NA,0.162,0.08,88.26,NA,111.8,NA,"Q3","1049","Republican"
"1426","Texas","TX","Gregg County, Texas",69.36540554,28.09863411,0.362625408,2.173334945,17.6,82.4,20.3,5.9,72.65,25377.30318,29.35,10.9,119315,46.2,16.25,23.5,62.55,19.8,14.7,1.05,0.35,1.55,35.4,3.9,2.8,0.1,73.6,0.38,0.171,0.324,0.112,813.3,329,0.241,0.057,585.09,8.82,75.1,6.8,"Q3","1426","Republican"
"1126","Nebraska","NE","Johnson County, Nebraska",65.72403706,27.30375427,1.072647489,5.89956119,17.7,82.3,11.8,3.7,69.35,26368.38095,22.65,11.5,5160,40.4,13.2,16.2,82.85,5.5,8.25,1.7,1.35,0.4,43.1,2.4,1.9,NA,27,0.151,0.188,0.3,0.089,76.8,NA,0.149,0.037,19.08,NA,88.3,NA,"Q3","1126","Republican"
"1233","Michigan","MI","Keweenaw County, Michigan",56.96291113,36.87893632,1.399580126,4.33869839,9.2,90.8,22,7.7,67.6,20422.62254,42.45,6.75,2190,0,20.05,41.4,97.7,0.05,0.6,0,0.65,0.95,50.6,NA,NA,NA,NA,0.21,NA,0.322,0.125,460.2,NA,0.158,0.122,123.25,NA,NA,NA,"Q1","1233","Republican"
"2432","Indiana","IN","Pike County, Indiana",73.58206458,21.69984942,NA,4.718085996,16.1,83.9,8.3,3,72.2,27516.43842,20.4,10.7,12670,41.4,13.65,17.55,98.05,0.25,0.9,0.25,0.1,0.5,41.9,4.5,NA,0.1,44.9,0.355,0.184,0.315,0.118,180.7,NA,0.152,0.077,351.84,NA,63.3,NA,"Q3","2432","Republican"
"1473","Kentucky","KY","Allen County, Kentucky",79.915956,16.67284637,0.568532938,1.989865282,26.4,73.6,10.6,4.4,71.65,22272.71842,35.85,11.7,19377,21.4,19.05,25.55,96.3,0.8,1.35,0.4,0.25,1,37.8,4.8,6,0.09,50.9,0.315,0.31,0.338,0.109,218.5,70.7,0.195,0.087,77.55,NA,77.2,NA,"Q2","1473","Republican"
"2336","Ohio","OH","Carroll County, Ohio",70.79722027,24.39291013,0.679315999,3.466854064,16.7,83.3,12,4.8,73.35,25621.78318,19.5,7.25,28794,37,12.45,19.3,97.25,0.85,0.6,0.15,0.2,1,42.2,4.8,4.3,0.09,32.7,0.202,0.233,0.288,0.113,225.8,33.1,0.158,0.075,76.88,NA,59.3,NA,"Q3","2336","Republican"
"807","Michigan","MI","Lenawee County, Michigan",57.58361477,36.49635037,0.978320078,4.453644188,12.1,87.9,19.2,6.8,77.3,26787.60603,24.05,7.75,100339,40.3,12.9,17.75,88,2.25,7.55,0.5,0.35,1.35,39.4,3.1,2.6,0.07,34.4,0.306,0.168,0.323,0.116,207.2,69.4,0.121,0.089,250.19,NA,49.1,6,"Q3","807","Republican"
"545","Virginia","VA","Goochland County, Virginia",60.11486001,35.06101938,0.380473798,3.402727925,20.7,79.3,30.7,12.8,80.15,29587.02222,7.5,8,21073,55.5,7.75,5.3,71.3,24.6,1.7,0.95,0.25,1.2,44.1,2.4,NA,0.08,16.1,0.201,0.135,0.26,0.112,205.6,382.7,0.096,0.049,124.17,NA,67.2,NA,"Q4","545","Republican"
"2270","Indiana","IN","Morgan County, Indiana",75.91725465,19.36177037,NA,4.720974984,15,85,13.9,4.5,76.6,30293.29969,15.5,6.65,69536,35.3,9.45,13.65,96.9,0.4,1.1,0.35,0.25,1,39.1,3.8,2.7,0.08,38.3,0.281,0.242,0.332,0.104,213.1,77.3,0.153,0.081,NA,NA,66.5,8.3,"Q4","2270","Republican"
"2150","Colorado","CO","Mineral County, Colorado",52.7607362,36.34969325,1.687116564,6.441717791,2.6,97.4,39.1,12,62.05,20429.57937,0,5.3,894,NA,5.7,0,95.9,0.15,2.05,0.3,0.6,1,58.4,2.4,NA,NA,NA,0,NA,0.197,0.072,NA,NA,0.22,0.048,0,NA,NA,NA,"Q1","2150","Republican"
"1527","Colorado","CO","Phillips County, Colorado",76.80102916,18.69639794,0.38593482,2.572898799,14.7,85.3,16,5.3,71.8,24790.03175,20.1,6.35,4460,42,9.95,11.35,77.45,0.25,20.7,0.5,0.3,0.8,40.9,NA,2.7,0.06,44.7,0.263,0.116,0.226,0.076,181.9,NA,0.229,0.049,66.93,NA,NA,NA,"Q2","1527","Republican"
"1608","Wisconsin","WI","Polk County, Wisconsin",61.09911419,33.35243048,1.022431801,3.904631792,8.6,91.4,18.4,5.5,75.25,27998.00159,13.25,9.25,44176,33.2,8.85,11.55,96.25,0.3,1.25,0.35,1.05,0.8,42.1,2.8,2.6,0.06,25.8,0.291,0.188,0.32,0.092,138.5,15.8,0.106,0.08,261.31,NA,81.2,NA,"Q3","1608","Republican"
"1949","Ohio","OH","Pike County, Ohio",66.61165639,29.90532442,0.469035004,2.336489186,22.6,77.4,12.6,5.5,76.75,22417.92191,35.65,15.3,28282,44.7,23.5,32.7,95.9,0.9,0.75,0.15,0.75,1.6,38.3,5.5,5.6,0.09,63.2,0.4,0.259,0.321,0.128,195.6,58.4,0.151,0.129,28.18,NA,69.7,8.2,"Q2","1949","Republican"
"2167","Iowa","IA","Cherokee County, Iowa",67.70126091,27.09343679,0.468800517,3.330100226,7.4,92.6,19.2,4.4,75.15,27268.0527,8.15,4.95,11876,40.1,4.95,5.8,95.95,0.6,2.2,0.6,0.1,0.55,46.9,NA,1.2,0.05,30.1,0.221,0.097,0.277,0.092,99.4,NA,0.101,0.046,311.88,NA,74.5,NA,"Q3","2167","Republican"
"1900","Texas","TX","Lavaca County, Texas",85.01100429,13.55264682,0.139001506,1.297347388,23.7,76.3,14,3.7,76.35,24314.32572,17.2,9.75,18947,40.1,10.65,16.1,77.05,6.8,15.2,0.2,0.1,0.7,44.5,4.4,NA,0.08,49.3,0.281,NA,0.292,0.123,144.7,87,0.243,0.045,93.84,NA,52,NA,"Q2","1900","Republican"
"1559","North Dakota","ND","Burleigh County, North Dakota",69.3326791,23.17916116,1.024021846,5.800657081,8,92,32.3,9,75.4,28868.34826,17.7,10.55,79178,39.5,9.1,11.75,92.3,0.5,1.3,0.55,3.75,1.6,37.5,2.8,2.4,0.07,23.8,0.251,0.133,0.267,0.074,396.9,NA,0.096,0.027,235.29,NA,54.9,8,"Q4","1559","Republican"
"220","Montana","MT","Powder River County, Montana",84.04966571,12.12989494,0.095510984,3.724928367,8.1,91.9,16.1,4.5,83.1,18627.46953,24.15,12.2,1705,42.9,12.05,14.05,95.2,0.05,1.4,0.1,1.25,2.1,46,2.3,1.5,NA,NA,0.272,0.16,0.251,0.086,NA,NA,0.277,0.04,NA,NA,NA,NA,"Q1","220","Republican"
"480","Wisconsin","WI","Waukesha County, Wisconsin",61.09622631,33.95163607,0.717614126,3.811414094,5,95,39.2,13.1,82.55,39045.15524,6.7,3.95,384369,49.4,4.25,5.25,91.15,1.3,3.8,2.55,0.15,1,41.3,3.1,2.8,0.06,9.7,0.175,0.161,0.249,0.074,158.9,34.2,0.06,0.06,70.3,0.89,59,4.6,"Q4","480","Republican"
"93","North Carolina","NC","Wayne County, North Carolina",54.9132948,43.19203597,NA,1.894669236,18.8,81.2,16.2,5.2,71.85,25124.19365,27,13.35,117956,34.1,18.4,26.05,56.95,31.5,8.4,0.95,0.25,1.95,36.5,4,3.5,0.09,56.5,0.418,0.236,0.341,0.123,727.6,388,0.2,0.089,463.18,10.56,70.5,9.1,"Q3","93","Republican"
"2029","Louisiana","LA","Catahoula Parish, Louisiana",71.64332784,27.22405272,0.28830313,0.350082372,32.1,67.9,10.5,3.5,66.55,20881.56984,30.85,24.5,10415,47.3,25.2,35.45,68.5,29.6,1,0,0.5,0.35,37.6,4.5,4.1,0.13,70.7,0.41,0.283,0.359,0.121,271.2,208.6,0.24,0.085,1649.2,NA,99.3,NA,"Q1","2029","Republican"
"1914","Indiana","IN","Jennings County, Indiana",73.97210976,21.26855601,NA,4.759334233,18.7,81.3,7.5,2.2,72.95,26165.19492,21.75,5.65,28288,27.2,12.15,15.5,96.05,0.8,1.75,0.2,0.2,0.95,37.6,5.7,5.1,0.08,64.2,0.342,0.331,0.284,0.104,227,29.1,0.174,0.101,185.18,NA,86.4,NA,"Q3","1914","Republican"
"2129","Wyoming","WY","Fremont County, Wyoming",67.50287131,25.38838179,1.408450704,4.67267122,11.2,88.8,22.8,8.5,71.05,24385.72191,22.45,7,38777,48.6,14.05,20.6,71.95,0.4,5.6,0.55,19.35,2.1,38.7,3.6,3.6,0.09,71.2,0.392,0.227,0.256,0.09,556.9,62.4,0.221,0.066,164.93,9.72,131.8,11.4,"Q2","2129","Republican"
"57","Louisiana","LA","Assumption Parish, Louisiana",61.57373441,36.05099046,0.357666911,1.164710198,30.8,69.2,8.5,2.5,71.45,28520.23111,32.7,15.95,23203,47.5,18.8,26.9,65.6,30.85,2.05,0.1,0.35,1,38.4,4.6,3.8,0.12,43.3,0.399,0.2,0.334,0.118,535.6,92.9,0.188,0.084,458.4,6.1,73.2,12.9,"Q4","57","Republican"
"444","Kansas","KS","Saline County, Kansas",63.03404697,28.6899934,2.098462699,6.177496935,11.7,88.3,23.6,8.4,75,25468.90476,28.55,6.25,54841,33.3,12.3,18.3,83.3,3.15,8.75,2,0.45,2.3,38,3.4,3.4,0.08,57.7,0.346,0.179,0.319,0.102,531.8,58.4,0.152,0.058,361.27,4.7,62.2,9.5,"Q3","444","Republican"
"1782","North Carolina","NC","Johnston County, North Carolina",63.96224853,33.29627571,NA,2.741475761,18.8,81.2,19.3,4.5,76.75,30556.01048,22.4,12.05,162883,39,14.65,20.8,70.75,15.2,11.85,0.55,0.35,1.25,36,4,3.7,0.08,48.2,0.308,0.254,0.334,0.116,318.7,225,0.187,0.084,213.55,5.43,64.9,6.8,"Q4","1782","Republican"
"919","North Dakota","ND","LaMoure County, North Dakota",69.73995272,23.64066194,0.61465721,5.059101655,13.6,86.4,20,3,72.4,26755.22095,3.1,16.6,4112,34.1,8.45,5.3,98.25,0.05,0.9,0.05,0.35,0.35,48.7,2.2,1.9,NA,NA,0.117,0.266,0.287,0.1,NA,NA,0.122,0.026,46.82,NA,NA,NA,"Q3","919","Republican"
"108","Georgia","GA","Fannin County, Georgia",81.79190751,16.32097926,NA,1.887113227,22.1,77.9,16.2,7.2,72.45,24243.2654,18.25,13.1,23058,48.9,14.85,20.5,96,0.25,1.55,0.6,0.45,1.15,47.2,4.8,5.3,0.09,57.5,0.362,0.267,0.29,0.132,88.6,75.9,0.248,0.096,424.75,NA,96.8,NA,"Q2","108","Republican"
"2099","Iowa","IA","Shelby County, Iowa",69.2185008,26.29984051,0.446570973,2.775119617,9.4,90.6,16.1,4,79.4,25299.70572,13.95,9.85,12192,42.1,8.8,11,97.15,0.15,1.45,0.6,0.2,0.5,44.7,1.9,2,0.06,18,0.207,0.205,0.319,0.105,166.1,NA,0.096,0.034,14.16,NA,56.8,NA,"Q3","2099","Republican"
"1318","Illinois","IL","Kankakee County, Illinois",53.87275539,40.61345476,1.25655125,4.257238594,14.8,85.2,17.4,6.6,76.5,27315.93619,22.4,8.6,112346,43.9,14.9,20.55,74.65,14.85,8.05,0.9,0.2,1.4,36.5,3.9,3.5,0.08,41,0.388,0.268,0.328,0.098,532.1,109.4,0.133,0.111,400.33,3.61,50.1,8.3,"Q3","1318","Republican"
"219","California","CA","Napa County, California",29.57443121,64.76617236,1.599287005,3.772930953,17.8,82.2,30,10.2,76.9,34239.58064,11.5,7.2,134328,56.3,9.85,11.65,58.45,1.85,30.7,6.1,0.45,2.45,39.4,3.4,4,0.06,26.1,0.267,0.085,0.236,0.072,231,165.1,0.185,0.078,411.93,1.93,47.2,5,"Q4","219","Democrat"
"140","New York","NY","Albany County, New York",35.20024832,59.51338703,1.823405813,3.462958836,9.3,90.7,37.6,17.8,79.35,32103.38222,19.1,9.45,301272,55,12.5,15.4,77.45,11.6,4.45,4.3,0.15,2.1,38.1,2.6,3.3,0.08,17.5,0.358,0.174,0.259,0.084,481,418.6,0.093,0.074,400.8,2.68,39.9,8.4,"Q4","140","Democrat"
"26","Louisiana","LA","Tensas Parish, Louisiana",46.40188753,52.26110893,0.314589068,0.511207236,28.6,71.4,12.9,3.8,69.2,20395.8473,45.65,23.7,5525,28.3,28.9,42.65,41,57.25,1.05,0.15,0.05,0.5,39.8,3.8,1.8,0.15,78.7,0.628,0.256,0.353,0.144,730.4,NA,0.247,0.102,NA,NA,99.4,NA,"Q1","26","Democrat"
"398","New Mexico","NM","McKinley County, New Mexico",23.34557946,62.79879765,1.28345818,11.06445918,30.4,69.6,10.9,4.5,74.95,20068.90032,47.9,31.9,70940,42.7,33.55,43.85,11.05,0.7,13.7,0.7,72.25,1.65,29.9,3.5,3.5,0.08,63.5,0.467,0.144,0.358,0.13,1136.2,139.6,0.318,0.087,626.75,13.93,130.6,8.1,"Q1","398","Democrat"
"333","Texas","TX","Dimmit County, Texas",30.20155039,67.37984496,0.651162791,1.76744186,39,61,12.6,2.6,70.15,18445.2,62.95,23.3,9914,28.3,36.8,51.3,13.2,0.65,85.15,0.85,0.05,0.1,35.4,NA,NA,0.08,87.4,0.357,NA,0.306,0.108,573.2,74.6,0.271,0.051,471.24,NA,72.7,NA,"Q1","333","Democrat"
"347","Mississippi","MS","Bolivar County, Mississippi",33.13069909,65.54438469,0.233808744,0.717013483,28.5,71.5,20.4,7.9,80.2,19694.04286,61.15,20.95,35705,82.8,36.8,54,32.45,64.7,1.75,0.5,0.1,0.45,33.6,3.9,3.4,0.14,78,0.629,0.216,0.356,0.142,1237.7,439.2,0.199,0.104,247.62,18.89,83.8,14.1,"Q1","347","Democrat"
"400","California","CA","Yolo County, California",26.03164569,68.07182506,1.827232681,3.682120775,15.7,84.3,37.8,17.4,81.9,27184.23873,18.7,7.15,196911,55.1,17.15,16.55,51.7,2.35,29.4,12.1,0.6,3.9,30.1,3.6,3.2,0.05,19.4,0.276,0.081,0.229,0.07,287.5,108.5,0.166,0.115,270.85,1.63,40,4,"Q3","400","Democrat"
"150","South Carolina","SC","Williamsburg County, South Carolina",32.3144395,66.11070503,0.33224799,0.558176623,21.7,78.3,11.3,5.1,72.55,20702.81238,53.45,26.85,34671,57.3,31.2,42.85,31.35,65.8,1.55,0.25,0.25,0.75,39.9,3.9,3.9,0.13,49.5,0.572,0.19,0.426,0.177,636.7,676.7,0.21,0.131,618.46,13.02,96,14,"Q1","150","Democrat"
"13","Pennsylvania","PA","Lehigh County, Pennsylvania",45.9286027,50.37345374,0.874332652,2.479889696,14.1,85.9,27,10.8,77.7,30620.73556,22.65,7.8,343287,42.8,11.45,17.8,73.9,4.55,17.1,2.85,0.1,1.5,39.1,3.5,3.4,0.09,36.3,0.352,0.195,0.279,0.103,403.7,300.5,0.133,0.085,282.05,4.25,61,6.9,"Q4","13","Democrat"
"202","New Jersey","NJ","Hudson County, New Jersey",22.64614621,74.45947623,1.209383145,1.292292417,19.7,80.3,34.6,12.2,76.1,34869.24794,22.1,15.95,613940,67.4,14.95,23.4,32.55,11.65,41.4,12.15,0.1,2.05,34.1,4.2,3.4,0.08,35.4,0.442,0.163,0.239,0.077,327.7,972.3,0.224,0.105,473.01,5.74,29.7,5.9,"Q4","202","Democrat"
"37","North Carolina","NC","Cumberland County, North Carolina",40.66896031,56.68960306,NA,2.641436633,11.7,88.3,21.8,7.4,67.9,26383.50794,24.65,10.15,314373,39.4,16.75,23.2,49.35,35.25,7.8,2.1,1.25,4.35,30.9,4.4,4,0.1,54.1,0.436,0.221,0.338,0.12,1123.8,450.7,0.164,0.103,554.22,9.52,62,11,"Q3","37","Democrat"
"337","Virginia","VA","Lexington city, Virginia",31.29084967,61.84640523,0.816993464,3.758169935,18.7,81.3,44.4,23.7,93.35,5300.947937,51,22.6,6975,71.9,30.5,32.5,82.2,7.4,4.95,2.6,0.05,2.8,22.4,NA,NA,NA,6.2,0.339,NA,0.288,0.091,371.7,90.1,0.185,0.114,37.71,NA,NA,NA,"Q1","337","Democrat"
"395","Kentucky","KY","Fayette County, Kentucky",41.75749969,51.21587798,1.159726657,3.838842035,11.7,88.3,39.1,16.4,77.05,26208.01842,24.55,8.9,291670,46.1,17.2,20.9,74.35,13.85,6.4,3.15,0.2,2,33.5,3.5,3.3,0.09,35.2,0.361,0.164,0.289,0.095,470.2,274.5,0.181,0.063,573.22,5.49,59,6.6,"Q3","395","Democrat"
"131","New York","NY","Westchester County, New York",32.13766757,64.90517984,1.058899991,1.898252604,12.6,87.4,44.5,22.1,83.8,42560.19746,12.75,7.25,949081,67.9,8.05,10.35,59.1,13.3,20.25,5.45,0.1,1.8,39.7,3.1,2.8,0.08,16.8,0.273,0.13,0.172,0.082,313.9,474.3,0.122,0.072,257.92,2.82,32,4.9,"Q4","131","Democrat"
"205","Florida","FL","Palm Beach County, Florida",41.19713649,56.51114137,0.561290862,1.556368727,13.2,86.8,31.8,11.7,77.55,30277.82191,21.05,7.75,1294367,57.9,11.85,17.8,61.8,16.15,18.1,2.25,0.2,1.55,43.1,3.3,3.4,0.09,32.2,0.373,0.141,0.224,0.095,272.8,672.8,0.254,0.088,550.49,7.13,73.8,6.6,"Q4","205","Democrat"
"198","Mississippi","MS","Hinds County, Mississippi",27.22316903,70.92510051,0.481777661,1.023640972,16.4,83.6,27.2,9.8,81.85,24213.75778,37.4,14.2,247033,69.5,22.5,33.6,29.85,66.95,1.45,0.85,0.15,0.8,32.8,3.4,4,0.16,58.3,0.577,0.213,0.37,0.135,1185,1091.3,0.204,0.084,715.71,20.28,69.1,12.6,"Q2","198","Democrat"
"67","New Mexico","NM","Los Alamos County, New Mexico",31.06569616,50.79320642,1.110488988,13.97909668,0.7,99.3,64,36.8,86.35,52632.75238,3.4,2.4,18190,61.6,2.8,2.3,76.2,0.5,14.6,6.2,0.45,1.95,43.5,2.9,2.8,0.1,10.1,0.222,0.095,0.185,0.067,109.8,60.3,0.047,0.035,227.14,NA,63.1,NA,"Q4","67","Democrat"
"48","Colorado","CO","Pitkin County, Colorado",24.28035044,69.69288534,1.742562819,3.523635313,3.9,96.1,59.7,17.5,79.45,35895.41143,9.35,8.15,16231,100,8.2,10.8,88.2,0.3,8.8,1.2,0.1,1.5,42.7,1.8,2.7,0.09,7.6,0.183,NA,0.142,0.048,134.5,204.4,0.178,0.074,159.45,NA,62.2,NA,"Q4","48","Democrat"
"43","Kansas","KS","Wyandotte County, Kansas",32.6963996,61.82400404,1.93608191,3.543514442,21.4,78.6,15.2,5.2,72.5,25420.62381,33.35,12.4,155629,37.2,20.75,29.55,45.65,25.35,24.2,2.2,0.5,2.1,33.1,4.1,4,0.08,79.2,0.477,0.25,0.393,0.131,748.9,387.8,0.227,0.086,611.83,18.69,75.3,9.7,"Q3","43","Democrat"
"335","Georgia","GA","Randolph County, Georgia",43.86873921,55.16407599,NA,0.967184801,29.6,70.4,13.1,6.2,80,17356.27937,55.35,19.75,7489,75.6,27,52.15,36.6,60.35,0.9,0.45,0.15,1.6,36.8,3.3,NA,0.16,54.9,0.381,NA,0.365,0.162,740.9,209.8,0.219,0.137,136.82,NA,69.9,NA,"Q1","335","Democrat"
"391","Colorado","CO","Summit County, Colorado",31.52979267,59.16194508,1.867878712,6.120415914,5.4,94.6,49.9,15.2,61.55,31847.40445,1.5,0.8,27120,51.8,6.25,2.7,82.65,0.65,14.05,1.3,0.1,1.25,36.2,2.2,1.9,0.11,32.8,0.29,0.095,0.145,0.039,275.3,153.4,0.211,0.072,131.86,NA,39.9,NA,"Q4","391","Democrat"
"282","Texas","TX","Dallas County, Texas",34.88514605,61.12643859,0.810631867,3.177783491,23.5,76.5,28,9.6,72.55,27634.7781,29.5,10.6,2375632,38.1,17.4,26,34.6,20.95,38,4.75,0.3,1.45,32.3,3.6,3.3,0.08,67.8,0.38,0.153,0.303,0.092,714.6,735.8,0.305,0.072,498.24,10.11,52,7.1,"Q3","282","Democrat"
"84","California","CA","Los Angeles County, California",23.38869382,71.40718653,2.068722116,2.542012434,24.1,75.9,29,9.9,78.7,28901.39969,23.4,11,9801950,53.8,15.55,22.25,28.35,8.45,47.5,13.2,0.2,2.35,34.3,3.8,3.7,0.07,36.4,0.351,0.123,0.213,0.077,511.1,513,0.248,0.109,510.19,9.21,39.7,5,"Q4","84","Democrat"
"83","North Carolina","NC","Mecklenburg County, North Carolina",33.41092254,63.28204506,NA,3.307032397,11.7,88.3,40,12.6,78.1,32241.60921,17.95,7.75,890408,57.3,11.95,16.15,52.95,29.35,11.15,4.3,0.3,1.95,33.8,2.8,3.2,0.09,39.7,0.358,0.138,0.255,0.084,796.1,595.7,0.182,0.094,581.33,8.76,44.3,7.5,"Q4","83","Democrat"
"126","Virginia","VA","Sussex County, Virginia",40.80619539,57.06910246,0.436854647,1.250992851,32.2,67.8,10,3.7,65,20157.1073,34.65,16.65,12069,29.4,18.7,28.25,38.25,58.5,1.65,0.4,0.2,1.05,41,3.1,NA,0.12,59.8,0.499,NA,0.373,0.132,761.1,477.9,0.176,0.083,191.91,NA,82.2,NA,"Q1","126","Democrat"
"319","Louisiana","LA","Iberville Parish, Louisiana",45.62737643,51.88555756,0.573458829,1.028485944,27.3,72.7,11,2.1,73.1,25357.78,34.35,20,33032,61.5,18.3,26.3,48.05,49.35,1.65,0.25,0.1,0.6,37.2,3.8,4.5,0.12,57.9,0.511,0.164,0.384,0.133,553.7,770,0.175,0.095,1051.67,10.73,65.6,8.5,"Q3","319","Democrat"
"132","Georgia","GA","Gwinnett County, Georgia",45.21425859,50.95622216,NA,3.829519249,12.7,87.3,34.9,10.9,78.9,32855.99524,17.3,8,786116,49.8,10.25,14.1,47.95,21.35,18.45,9.95,0.2,2.05,33.3,2.6,2.7,0.08,33,0.28,0.136,0.253,0.074,355.1,195.3,0.238,0.078,256.77,5.37,40.6,6.2,"Q4","132","Democrat"
"321","Wisconsin","WI","Rock County, Wisconsin",41.95328012,52.41794704,1.179323854,3.809815706,12.6,87.4,19.8,6.5,76.2,28571.40921,20.15,7,159580,41.6,11.65,16.9,85.65,4.65,6.85,1,0.2,1.6,37.5,3.7,3.5,0.07,38.5,0.357,0.233,0.304,0.085,473.5,90.1,0.11,0.084,246.49,3.06,70.1,5.8,"Q4","321","Democrat"
"94","Mississippi","MS","Jefferson Davis County, Mississippi",39.53823954,59.64405964,0.048100048,0.336700337,26.7,73.3,11.9,3.1,72.4,21749.43651,55.1,13.3,12604,34.6,27.6,41.5,39.8,58,0.5,1.2,0.15,0.4,39.7,4.1,5.2,0.15,69.8,0.61,0.275,0.369,0.141,1039.8,354.1,0.234,0.115,NA,25.8,124.7,NA,"Q1","94","Democrat"
"178","South Carolina","SC","Allendale County, South Carolina",22.0234768,76.07602012,0.307434321,0.614868642,26.8,73.2,13.2,3.8,69.15,20217.24127,63.1,26.6,10439,66.3,41.4,53.4,24.45,71.2,3.4,0.2,0.2,0.55,37.6,3.7,2.9,0.12,86.6,0.672,0.221,0.367,0.155,1001.9,683,0.186,0.169,1102.47,14.55,82.2,18.6,"Q1","178","Democrat"
"374","North Carolina","NC","Washington County, North Carolina",41.86426819,57.07277187,NA,1.062959935,24,76,11.8,3.8,78.45,23237.24254,65.25,18.1,13103,40.6,25.3,42.6,45.3,49.7,3.55,0.25,0.3,0.9,43.1,4.7,2.7,0.12,60.9,0.561,NA,0.33,0.142,639.8,415.5,0.157,0.122,923.41,NA,40.7,NA,"Q2","374","Democrat"
"361","North Carolina","NC","Wake County, North Carolina",37.89231612,58.39296199,NA,3.714721885,8.4,91.6,47.4,16,81.6,35147.96826,13.9,7.05,864876,54.6,9.55,11.8,63.7,20.15,9.05,5,0.3,1.95,34.1,2.8,2.6,0.08,26.2,0.275,0.129,0.248,0.07,533.6,364,0.154,0.075,273.93,3.63,38.4,6.6,"Q4","361","Democrat"
"357","South Dakota","SD","Todd County, South Dakota",22.91764706,70.82352941,NA,4.517647059,17,83,18.1,6.4,73.3,18469.07429,67.55,38.55,9804,55.7,48.05,59,11.45,0.2,3.45,0.4,82.4,2.15,23.4,3.9,3.1,0.08,118.8,0.628,0.394,0.421,0.149,1883.5,NA,0.153,0.09,NA,NA,236.3,13.7,"Q1","357","Democrat"
"401","California","CA","San Diego County, California",38.23522144,56.07101659,1.588690171,3.86813239,14.7,85.3,34.1,12.7,76.05,32687.72921,16.05,7.7,3041428,52.2,11.9,15.75,49.85,4.8,31.2,10.3,0.45,3.4,34.5,3.5,3.7,0.07,33.6,0.291,0.121,0.231,0.075,488.7,457.5,0.19,0.089,383.46,3.68,47.3,4.9,"Q4","401","Democrat"
"159","Wisconsin","WI","Eau Claire County, Wisconsin",43.08616864,50.42714497,1.292529586,4.622781065,8.2,91.8,30.2,10,75.85,22494.85397,20.5,6.5,98079,43.6,14.6,14.35,92.75,0.85,1.55,3.1,0.5,1.25,33.1,3.1,2,0.06,16.6,0.244,0.168,0.288,0.069,406.5,41.9,0.102,0.059,161.78,NA,51.6,5.6,"Q2","159","Democrat"
"149","Virginia","VA","Brunswick County, Virginia",39.82995422,58.5088293,0.327011118,0.941792021,32.8,67.2,11.9,3.5,73.95,23925.71937,45.8,21.4,17610,17.8,19.4,31.35,40.65,57.3,1.1,0.2,0.1,0.65,40,3.4,4.9,0.11,43.2,0.506,0.296,0.349,0.135,587.1,413,0.171,0.106,104.5,NA,41.8,NA,"Q2","149","Democrat"
"1","California","CA","San Benito County, California",36.82563169,57.19326201,1.553608013,3.790120646,26.2,73.8,18.3,5.1,76.9,29406.43175,13.65,7.4,55010,45.8,11.4,12.9,39.65,0.8,54.5,2.4,0.5,2.15,33.7,3.6,2.6,0.06,34.5,0.268,NA,0.243,0.074,358.5,74.3,0.193,0.139,395.06,3.41,36.7,4.1,"Q4","1","Democrat"
"396","Vermont","VT","Grand Isle County, Vermont",39.35944944,55.4261514,1.29698253,3.467443092,7.9,92.1,28.6,10.3,79.55,30421.66191,10.1,3.2,7272,54.2,6.55,10.1,95.8,0.25,0.85,0.2,0.7,2.15,44.5,3,3.1,0.08,27.3,0.256,0.156,0.277,0.072,259.7,120.1,0.088,0.059,27.57,NA,NA,NA,"Q4","396","Democrat"
"380","Virginia","VA","Charles City County, Virginia",36.87583445,59.91989319,0.560747664,1.73564753,25.2,74.8,10.9,4.6,72.2,30170.10127,9.7,12.65,7201,12.8,9.95,11.1,42.35,46.85,1,0.35,7,2.4,45.6,2.8,2.9,0.09,26.8,0.366,NA,0.356,0.143,580,216,0.201,0.077,68.58,NA,72.2,NA,"Q4","380","Democrat"
"99","Arkansas","AR","Pulaski County, Arkansas",38.36198789,56.04065561,0.971245125,2.708701704,11.8,88.2,30.7,11.5,75.35,28503.21016,26.7,9.3,379133,59.7,15.9,24.6,56.65,34.25,5,1.85,0.3,1.9,35.7,3.2,3.3,0.11,57,0.454,0.192,0.331,0.111,792.9,484.8,0.183,0.066,1128.82,15.81,76.6,9.2,"Q4","99","Democrat"
"334","Minnesota","MN","Hennepin County, Minnesota",28.50958308,63.82023775,1.532757298,3.62747605,7.9,92.1,44,14.7,78.35,35493.43842,17.9,7.25,1144324,49.5,11.65,15.95,73.4,10.9,6.35,5.85,0.75,2.65,35.9,2.7,2.5,0.07,27.3,0.316,0.141,0.219,0.066,489.5,397.4,0.109,0.053,453.01,4.43,56.5,5.6,"Q4","334","Democrat"
"173","Ohio","OH","Hamilton County, Ohio",43.03088608,52.55367089,0.891392405,3.227848101,12.3,87.7,32.5,12.4,78.85,29786.21524,26.6,9.2,827120,47.8,14.8,21.7,68.9,24.8,2.25,1.9,0.15,2,36.9,3.3,3.7,0.1,43.2,0.425,0.189,0.284,0.106,805.8,331.4,0.139,0.07,534.73,10.29,61.9,10.6,"Q4","173","Democrat"
"98","Ohio","OH","Cuyahoga County, Ohio",30.8444353,65.83577662,0.861752653,2.147694735,13.6,86.4,28.2,11.4,79.1,29237.83461,27.35,11.2,1288204,52.2,16.4,24.45,62.45,28.95,4.55,2.4,0.15,1.5,39.7,3.3,4.1,0.1,40.3,0.444,0.187,0.272,0.106,810.9,341,0.142,0.073,578.53,9.13,56.6,9.6,"Q4","98","Democrat"
"393","California","CA","Solano County, California",31.77801842,62.25467267,1.67748467,3.818231913,14.2,85.8,24,7.3,76.6,35535.11524,15.45,7.15,409902,43.1,10.15,13.7,42.45,14.15,23,14,0.5,5.9,36.5,4,3.3,0.07,30.4,0.324,0.135,0.271,0.104,314.3,345,0.143,0.101,467.94,8.02,51.7,6.1,"Q4","393","Democrat"
"403","North Carolina","NC","Orange County, North Carolina",23.01515721,74.03858199,NA,2.946260804,10.1,89.9,54.4,29.1,82.95,25630.96953,16.6,7.1,129152,57.6,16.2,14.85,71.9,12.6,7,6.25,0.35,2,33.3,2.8,3.1,0.08,11,0.265,0.116,0.208,0.067,405.1,247.5,0.164,0.062,180.74,4.05,44.8,8,"Q3","403","Democrat"
"82","Mississippi","MS","Washington County, Mississippi",31.1646421,67.57943861,0.212751355,0.679431748,27.5,72.5,17.6,6.2,76.65,19492.37937,53.4,20.45,53474,48.8,34,48.1,28.3,68.8,1.35,0.75,0.1,0.65,34.8,3.6,3.6,0.14,89.3,0.655,0.237,0.4,0.139,1343.1,478.3,0.203,0.141,264.71,19.2,91.1,12.1,"Q1","82","Democrat"
"382","Texas","TX","Jim Hogg County, Texas",20.29259084,77.15903728,0.566304861,1.982067013,31.1,68.9,12.4,3.4,67.6,17857.9908,23.65,19.1,5136,14.1,12.4,16.7,5.7,0.15,92.65,0.15,1.2,0.1,33.1,NA,NA,0.11,115.6,0.51,NA,0.295,0.102,455.8,NA,0.28,0.048,165.54,NA,NA,NA,"Q1","382","Democrat"
"385","Virginia","VA","Richmond city, Virginia",15.04792872,78.79734809,1.14332165,3.912419239,19.8,80.2,32.6,13,73.3,24237.08921,37.2,15.5,202595,38,23.7,36.95,39.4,50.65,5.55,1.95,0.25,2.25,32.6,3.6,3.3,0.12,47.3,0.65,0.186,0.279,0.096,1359.4,1161.6,0.189,0.085,763.39,27.93,81.1,13.2,"Q2","385","Democrat"
"266","Georgia","GA","Clayton County, Georgia",13.15612533,85.06432382,NA,1.779550854,17.4,82.6,17.9,5.2,73.6,26955.76413,25.75,7.75,265538,47.9,15.6,22.85,17.85,62.5,12.55,5,0.2,1.95,31.1,3.3,3.7,0.11,58.4,0.503,0.17,0.361,0.113,873.3,716.1,0.254,0.111,546.44,12.2,49,10,"Q3","266","Democrat"
"16","New York","NY","Monroe County, New York",40.25155858,54.3668245,1.548269012,3.833347909,11.6,88.4,34.8,15.1,81.5,29746.92032,20.8,7.65,737982,54.5,13.4,18.6,74.25,14.1,6.6,3,0.2,1.8,38.1,3.6,3.4,0.08,27.5,0.386,0.181,0.302,0.096,671.8,340.9,0.101,0.08,363.42,6.36,44,7,"Q4","16","Democrat"
"299","New Mexico","NM","Doqa Ana County, New Mexico",35.91413238,53.72880143,1.346690519,7.746690519,24.5,75.5,25.4,10,76.3,19010.35048,40.05,14.35,203526,29.8,24.55,34.9,30.4,1.55,65.25,0.95,0.8,1.05,32.2,3.7,3.4,0.08,66.6,0.382,0.158,0.254,0.072,580.1,156.7,0.26,0.071,381.54,3.84,69.4,4.6,"Q1","299","Democrat"
"215","Alabama","AL","Lowndes County, Alabama",26.22828041,73.12762133,0.164769323,0.479328939,26.6,73.4,12.7,3.7,72.35,21425.47334,50.25,17.65,11965,58.5,26.55,38.7,26.6,71.95,0.5,0.05,0.25,0.55,39.7,4.8,4.2,0.14,63.4,0.574,0.226,0.438,0.193,1022.7,536.2,0.174,0.141,510.46,22.7,93.7,NA,"Q1","215","Democrat"
"91","Alabama","AL","Sumter County, Alabama",24.73791269,74.15115005,0.21905805,0.891879205,24.6,75.4,12.8,5.3,80.3,17046.56794,50.15,30,13515,78.8,37.5,55.15,25.05,72.8,1,0.2,0.05,0.9,36.9,4.3,5.4,0.14,33.8,0.618,0.17,0.401,0.16,979.4,292.2,0.179,0.116,322.68,NA,66.3,NA,"Q1","91","Democrat"
"313","South Dakota","SD","Dewey County, South Dakota",42.35500879,51.96250732,NA,4.159343878,20.3,79.7,12.6,3.4,77,21851.72,46.85,16.25,5654,42.7,30,37.45,21.7,0.05,1,0.05,74.15,3,28.8,4.9,2.9,0.06,98,0.574,0.334,0.423,0.171,2139.8,NA,0.257,0.132,24.09,NA,187,NA,"Q1","313","Democrat"
"324","New York","NY","Schenectady County, New York",44.24540395,50.09005501,1.697252917,3.967288127,10,90,28.7,13,80,31623.38222,21.9,7.4,152600,48.4,10.95,15.55,78.75,8.3,5.05,3.45,0.35,4.1,39.7,3.8,2.5,0.09,27,0.36,0.179,0.274,0.113,445.6,307.1,0.106,0.079,450.99,4.51,40.1,7.6,"Q4","324","Democrat"
"60","North Carolina","NC","Bertie County, North Carolina",37.0575693,62.22814499,NA,0.714285714,27.7,72.3,10.1,2.8,71.05,20956.98064,39.45,16.55,20234,46.9,22.9,39.2,35.05,62.4,1.2,0.3,0.4,0.65,43.3,4.1,2.3,0.13,59.2,0.498,0.185,0.35,0.148,847.9,391.4,0.173,0.121,173.74,6.92,86.1,13,"Q1","60","Democrat"
"348","North Carolina","NC","Northampton County, North Carolina",36.43069358,62.62678004,NA,0.94252638,30.9,69.1,12,4.5,75.65,22517.62032,42.9,16.9,21355,38.1,22.6,35.1,39.4,57.85,1.25,0.1,0.25,1.1,44.5,4.1,3.6,0.14,55.8,0.641,0.215,0.307,0.142,621.2,382.1,0.173,0.11,274.39,9.68,82.1,14.9,"Q2","348","Democrat"
"327","New Jersey","NJ","Atlantic County, New Jersey",45.28362557,51.51601127,0.882369631,1.811080217,15.3,84.7,23.6,7.2,82.15,30503.32508,19.45,11.15,272282,52.1,11.2,15.55,59.95,15.25,15.7,6.9,0.15,2.05,39.4,4.2,4,0.09,35.3,0.387,0.201,0.27,0.099,409.3,627.4,0.172,0.135,525.77,6.15,57.8,8.4,"Q4","327","Democrat"
"387","Texas","TX","Webb County, Texas",22.76539997,74.37881372,1.039267062,1.816519247,37.3,62.7,16.7,4.4,79.15,19049.17461,44.85,25.9,240669,47.9,29.85,40.35,3.95,0.2,95.1,0.45,0.05,0.2,27.4,3.8,2.9,0.07,91.9,0.38,0.166,0.307,0.088,389.9,172.8,0.364,0.071,520.63,7.43,41.3,5.4,"Q1","387","Democrat"
"65","New York","NY","Queens County, New York",22.0965486,75.49810931,1.35753029,1.047811796,20,80,29.5,10.3,78.3,32150.97492,16.9,12.8,2254791,53.1,12.55,17.05,29.35,17.9,26.9,22.05,0.3,3.5,37.1,3.3,3.5,0.08,23.7,0.329,0.132,0.229,0.093,575.2,862.6,0.204,0.083,589.07,4.49,31.3,5.2,"Q4","65","Democrat"
"2201","Virginia","VA","Henrico County, Virginia",36.84353506,57.79916773,0.673598163,3.454428707,10.9,89.1,38.9,14.2,77.8,34832.33746,16.25,5.6,298053,50.2,9.2,13.4,59.55,27.9,4.3,5.85,0.3,2.1,37.1,2.8,2.6,0.09,26.2,0.336,0.17,0.279,0.094,463.2,269.1,0.14,0.056,158.2,5.81,48.9,8.3,"Q4","220","Democrat"
"292","Michigan","MI","Kalamazoo County, Michigan",40.51172539,53.30168458,1.297175428,4.479780258,8.3,91.7,33.4,12.7,79.85,23422.4054,24.9,7.85,247692,45.7,18.2,19.75,81,10.25,3.7,2.1,0.4,2.6,33.9,3.7,3.6,0.08,30,0.356,0.183,0.307,0.099,696.2,132.5,0.131,0.07,429.79,3.37,60.4,7.7,"Q2","292","Democrat"
"352","South Carolina","SC","Hampton County, South Carolina",39.60654992,58.71048442,0.216056402,0.784625881,24.1,75.9,11,3.3,71.9,22471.54127,33.3,19.15,21043,48.2,20.5,27.35,41.1,53.8,3.35,0.45,0.15,1.15,37.6,4,3.1,0.11,55.8,0.476,0.189,0.424,0.167,773.3,593.5,0.203,0.123,739.9,12.83,86.9,11.8,"Q2","352","Democrat"
"56","Alabama","AL","Dallas County, Alabama",30.88093967,68.47837694,0.128136679,0.512546716,23.2,76.8,14.3,6,76.6,21582.38032,53.35,26.85,43284,43.1,31.9,47.05,30.3,67.95,0.75,0.35,0.2,0.45,36.8,3.9,3.6,0.13,74.6,0.653,0.206,0.414,0.151,1262.3,362.5,0.159,0.137,794.32,19.7,80.8,8.6,"Q1","56","Democrat"
"234","Virginia","VA","Suffolk city, Virginia",41.03603711,54.88325503,0.510386606,2.56385795,15.3,84.7,25.1,8.7,76.2,35185.89397,18.1,8.35,82823,47.9,10.95,16.3,52.3,41.4,2.7,1.5,0.25,1.9,37.5,2.8,2.8,0.1,36.8,0.364,0.192,0.324,0.119,859.5,319.8,0.128,0.068,323,7.42,50.9,10,"Q4","234","Democrat"
"182","Texas","TX","Starr County, Texas",18.97185869,79.08647678,0.581644,1.360020529,52.1,47.9,9.8,2.8,75.55,14206.17873,52.5,34.6,60952,44.6,38.9,48.15,2.5,0,97.15,0.15,0.05,0.1,28.6,4.4,4.6,0.09,101.2,0.357,NA,0.293,0.09,341.9,66.1,0.346,0.15,272.31,8.18,44.4,3.7,"Q1","182","Democrat"
"160","Ohio","OH","Franklin County, Ohio",34.67174799,60.56505099,1.043606491,3.398346166,11.1,88.9,35,12.2,77.25,30625.87111,25.6,9.6,1143743,42.5,16.4,22.1,69.05,20.05,4.4,3.7,0.15,2.6,33.4,3.7,3.9,0.09,43.6,0.388,0.197,0.303,0.1,628.8,375.6,0.153,0.061,509.95,9.14,59.9,8.5,"Q4","160","Democrat"
"176","Oregon","OR","Multnomah County, Oregon",17.62484557,75.95943672,3.181724163,3.233993549,11,89,37.5,14.3,74.65,28976.63651,21.65,12,716966,49.4,15.75,20.85,73.1,5.45,10.55,6.25,0.7,4,35.8,3.4,3.2,0.07,33.1,0.328,0.135,0.223,0.074,529,450.1,0.186,0.078,496.74,4.14,64.8,5.6,"Q4","176","Democrat"
"122","Washington","WA","Kitsap County, Washington",39.42002107,51.05247629,1.847839831,6.770073762,7.3,92.7,28,10,71.4,31583.19365,14.15,5.2,244979,51.9,9.15,11.15,80.45,2.5,5.55,4.6,1.35,5.5,38.9,3.7,3.4,0.06,26.1,0.282,0.169,0.297,0.086,327.1,86.7,0.132,0.074,379.69,1.8,55.3,5,"Q4","122","Democrat"
"316","New Mexico","NM","Bernalillo County, New Mexico",34.51199247,52.19040896,1.313215982,10.80609109,13.8,86.2,31.5,14,75.4,27388.68381,24.65,9.6,644693,42.2,15.4,22.05,42.4,2.65,46.75,2.2,4.1,1.95,35.7,3.6,3.5,0.09,50,0.395,0.175,0.193,0.059,576.8,190.6,0.207,0.071,766.41,8.09,91.9,6.1,"Q3","316","Democrat"
"189","Virginia","VA","Martinsville city, Virginia",36.59117998,60.12259493,0.493785118,1.924059254,21.7,78.3,20.4,6.8,76.65,21323.02318,35.9,16.85,14240,50,22.15,30.25,50.45,43.15,4.3,0.85,0.2,0.95,43.4,NA,NA,0.11,67.3,0.564,NA,0.323,0.135,855.5,345.7,0.16,0.16,295.4,NA,82.6,NA,"Q1","189","Democrat"
"287","Virginia","VA","Prince Edward County, Virginia",44.97969933,50.36760672,0.581586744,3.138373752,18.8,81.2,18.5,7.6,86.85,14194.64318,21.95,7.35,22474,73.1,16.6,19.7,62.35,33.8,1.65,0.5,0.25,1.45,31.4,2.9,3.8,0.11,18,0.342,0.256,0.338,0.101,664,150.2,0.175,0.087,147.46,NA,64.3,NA,"Q1","287","Democrat"
"280","Washington","WA","Snohomish County, Washington",37.62019541,54.26338305,1.74121798,5.535451185,9.3,90.7,28.2,8.3,73.75,36464.12286,11.8,7.5,693522,38.2,8.3,10.65,76.25,2.25,8,8.35,1.15,4.05,36.7,3.7,3.6,0.06,22.8,0.261,0.156,0.291,0.082,243.5,109.9,0.148,0.078,222.68,2.33,54.5,4.6,"Q4","280","Democrat"
"341","North Carolina","NC","Forsyth County, North Carolina",43.35599882,53.61343466,NA,3.030566521,13.1,86.9,31.2,10.3,77.25,28197.07111,27.45,7.15,348760,43.5,15,22.95,60.4,25.25,10.95,1.65,0.3,1.45,37.2,3,3,0.1,44,0.386,0.197,0.26,0.101,765.7,437.7,0.187,0.09,563.58,6.44,58.6,10,"Q4","341","Democrat"
"284","North Dakota","ND","Rolette County, North Dakota",33.04205352,57.26379028,4.778809394,4.232659749,17.9,82.1,16.5,6.5,54.3,24406.4581,43.95,23.35,13804,28.7,30.15,40.1,22.15,0.3,0.85,0.1,74.55,2.1,30.6,3.6,3.4,0.09,97.4,0.532,0.358,0.403,0.145,950.3,NA,0.194,0.112,31.57,NA,107.6,NA,"Q2","284","Democrat"
"7","Georgia","GA","Warren County, Georgia",42.49571184,56.30360206,NA,1.200686106,30.4,69.6,4.7,1.5,73.95,23740.86762,45.5,18.25,5860,63.4,22.5,35.55,39,59.65,0.6,0.3,0.15,0.35,43.3,10,2.9,0.13,66.9,0.496,NA,0.372,0.153,576.8,159.5,0.213,0.158,531.91,NA,80.8,NA,"Q2","7","Democrat"
"153","Washington","WA","King County, Washington",21.71453729,72.14892465,1.653559473,3.982881416,8.1,91.9,45.2,16.4,77,38516.32191,13.75,8.75,1895018,51.2,9.95,12.05,66.7,5.85,8.2,13.75,0.65,4.75,36.9,3,2.9,0.07,19.1,0.248,0.111,0.225,0.068,324.2,405.8,0.139,0.068,352.19,3.46,49.7,4.5,"Q4","153","Democrat"
"201","Ohio","OH","Athens County, Ohio",38.71013922,55.66014101,1.814537776,3.378547654,13.2,86.8,27.3,15.1,87.3,10229.87841,41.15,10.6,63915,38.2,31.55,31.7,91.6,2.7,1.4,2.35,0.15,1.8,25.9,3.7,5.2,0.08,14.1,0.319,0.303,0.331,0.097,369,68.7,0.171,0.077,101.67,NA,57.1,7,"Q1","201","Democrat"
